"priority","average_response_time"
"medium","85.8553971486761711"
"urgent","85.5291828793774319"
"high","91.4392156862745098"
"low","91.1525773195876289"
