"priority","average_resolution_time"
"medium","35.5947046843177189"
"urgent","34.5680933852140078"
"high","36.9588235294117647"
"low","36.3463917525773196"
